quote,season,episode,episode_title,context,source_url,source_name
What if I were to tell you that all the things you come to believe about yourself are a lie?,1,2,The Freelancer,,https://thehabitstacker.com/raymond-reddington-quotes/,HabitStacker
You lost her. I can’t find her. It’s that simple.,1,4,The Stewmaker,,https://everydaypower.com/raymond-reddington-quotes/,EverydayPower
Let me put your mind at ease.,1,5,The Courier,,https://thehabitstacker.com/raymond-reddington-quotes/,HabitStacker
I Can Only Lead You To The Truth.,1,6,Gina Zanetakos,Bulk Ingest,Manual Input,ManualIngest
I can only led you to the truth. I can’t make you believe it.,1,6,Gina Zanetakos,,https://thehabitstacker.com/raymond-reddington-quotes/,HabitStacker
"A man who's willing to burn the world down to protect the one person they care about, that's a man I understand.",1,7,Frederick Barnes,,https://multiple-sources,WebResearch
"Agent Keen, I have a tip. You're a winter, not an autumn. Stop wearing olive.",1,7,Frederick Barnes,,https://multiple-sources,WebResearch
Every cause has more than one effect.,1,7,Frederick Barnes,,https://everydaypower.com/raymond-reddington-quotes/,EverydayPower
"I’m not a gumball machine, Lizzy. You don’t get to just twist the handle whenever you want a treat.",1,7,Frederick Barnes,,https://everydaypower.com/raymond-reddington-quotes/,EverydayPower
"You know the problem with drawling lines in the sand? With a breath of air, they disappear.",1,7,Frederick Barnes,,https://everydaypower.com/raymond-reddington-quotes/,EverydayPower
I have no interest in cases that I have no interest in.,1,8,General Ludd,,https://thehabitstacker.com/raymond-reddington-quotes/,HabitStacker
You can’t judge a book by its cover. But you can by it’s first few chapters and certainly by its last.,1,9,Anslo Garrick (1),,https://everydaypower.com/raymond-reddington-quotes/,EverydayPower
You talk too much.,1,13,The Cyprus Agency,,https://thehabitstacker.com/raymond-reddington-quotes/,HabitStacker
"Once you cross over, there are things in the darkness that can keep your heart from feeling the light again.",1,16,Mako Tanida,,https://everydaypower.com/raymond-reddington-quotes/,EverydayPower
"There is nothing that can take the pain away. But eventually, you will find a way to live with it.",1,16,Mako Tanida,,https://everydaypower.com/raymond-reddington-quotes/,EverydayPower
"There is nothing that can take the pain away. But eventually, you will find a way to live with it. There will be nightmares, and every day, when you wake up, it will be the first thing you think about. Until one day, it will be the second thing.",1,16,Mako Tanida,,https://multiple-sources,WebResearch
"As bad as you think I am, as far as you think I'm willing to go to protect that which I hold dear, you can't possibly fathom how deep that well of mine truly goes.",1,20,The Kingmaker,,https://multiple-sources,WebResearch
"As bad as you think I am, as far as you think I’m willing to go to protect that which I hold dear...",1,20,The Kingmaker,,https://everydaypower.com/raymond-reddington-quotes/,EverydayPower
I was a lifeguard my junior year in high school. Had to give mouth-to-mouth to Mrs. Beerman. She belched up a lung full of corned beef and chlorine. I haven't been in a pool since.,1,20,The Kingmaker,,https://multiple-sources,WebResearch
Never underestimate the power of glitter.,1,20,The Kingmaker,,https://multiple-sources,WebResearch
You Can't Possibly Fathom How Deep That Well Of Mine Truly Goes.,1,20,The Kingmaker,Bulk Ingest,Manual Input,ManualIngest
Please excuse the gun. I'd hate for them to think we were in cahoots.,1,21,Berlin,,https://multiple-sources,WebResearch
What are they gonna do to me that hasn't been done before? Kill me? None of it is worse than losing you.,1,21,Berlin,,https://multiple-sources,WebResearch
Life is far too important a thing ever to talk seriously about.,2,1,Lord Baltimore,,https://everydaypower.com/raymond-reddington-quotes/,EverydayPower
"God can’t protect you, but I can.",2,2,Monarch Douglas Bank,,https://everydaypower.com/raymond-reddington-quotes/,EverydayPower
Revenge Isn't A Passion; It's A Disease... Make sure your passion isn't your sickness.,2,2,Monarch Douglas Bank,Bulk Ingest,Manual Input,ManualIngest
"Revenge isn’t a passion, it’s a disease that eats at your mind and poisons your soul.",2,2,Monarch Douglas Bank,,https://everydaypower.com/raymond-reddington-quotes/,EverydayPower
That's The Sound Of Your Checks Bouncing.,2,2,Monarch Douglas Bank,Bulk Ingest,Manual Input,ManualIngest
Value loyalty above all else.,2,3,Dr. James Covington,,https://everydaypower.com/raymond-reddington-quotes/,EverydayPower
"As a rule, I consider jealousy to be a base emotion, but in this case, It’s quite endearing.",2,5,The Front,,https://everydaypower.com/raymond-reddington-quotes/,EverydayPower
That is what separates men like him from men like you...and me.,2,6,The Mombasa Cartel,Bulk Ingest,Manual Input,ManualIngest
"You see that Geoff, that is what a good man does. That is what separates men like him from men like you... and me.",2,6,The Mombasa Cartel,,https://everydaypower.com/raymond-reddington-quotes/,EverydayPower
"When you love someone, you have no control. That’s what love is. Being powerless.",2,8,The Decembrist,,https://everydaypower.com/raymond-reddington-quotes/,EverydayPower
"You will make a mistake and when you do, I will be there to indulge the undeniable pleasure and the sweet satisfaction of 'I told you so.",2,9,Luther Braxton,,https://multiple-sources,WebResearch
In This World There Are No Sides.,2,11,Ruslan Denisov,Bulk Ingest,Manual Input,ManualIngest
"In this world, there are no sides. Only players.",2,11,Ruslan Denisov,,https://everydaypower.com/raymond-reddington-quotes/,EverydayPower
It’s a good to meet you. I’ve heard nothing but terrible things.,2,11,Ruslan Denisov,,https://thehabitstacker.com/raymond-reddington-quotes/,HabitStacker
I always found fear to be my most valuable sense.,2,14,T. Earl King VI,,https://everydaypower.com/raymond-reddington-quotes/,EverydayPower
"Really, I’m all for being thorough, but at this point, you are just taking the nickel tour.",2,14,T. Earl King VI,,https://thehabitstacker.com/raymond-reddington-quotes/,HabitStacker
You have to make your choices; you have to be happy with them.,3,2,Marvin Gerard,,https://everydaypower.com/raymond-reddington-quotes/,EverydayPower
"Is it just me or is the human race armed with religion, poisoned by prejudice, and absolutely frantic with hatred and fear, galloping pell-mell back to the Dark Ages? Who on Earth is hurt by a little girl going to school or a child being gay?",3,4,The Djinn,,https://thehabitstacker.com/raymond-reddington-quotes/,HabitStacker
"Dead? Pishposh. What’s death? It’s just a process, right?",3,6,Sir Crispin Crandall,,https://everydaypower.com/raymond-reddington-quotes/,EverydayPower
"The future is a sucker’s bet, a maybe, a contingency, a “What if?",3,6,Sir Crispin Crandall,,https://thehabitstacker.com/raymond-reddington-quotes/,HabitStacker
"The only thing that is real is the present, and you’ve plundered it, robbed it of the very geniuses that might have averted the dystopia you so fear.",3,6,Sir Crispin Crandall,,https://everydaypower.com/raymond-reddington-quotes/,EverydayPower
"You see, if you were a betting man, you would understand that now trumps later every time.",3,6,Sir Crispin Crandall,,https://thehabitstacker.com/raymond-reddington-quotes/,HabitStacker
"See, This is why I don’t go to family reunions.",3,8,Kings of the Highway,,https://thehabitstacker.com/raymond-reddington-quotes/,HabitStacker
The promnestria will require a meeting of all family members to formalize the arrangement.,3,13,,Mined from transcript,Transcript S03E13,TranscriptMining
People say youth is wasted on the young. I disagree. I believe wisdom is wasted on the old.,3,15,Drexel,,https://multiple-sources,WebResearch
Luftreiber Air? What secret of theirs is he keeping? A copy of a contract between an airline and the German government.,3,16,,Mined from transcript,Transcript S03E16,TranscriptMining
"I'm afraid your wedding plans will have to wait, Lizzy.",3,18,,Mined from transcript,Transcript S03E18,TranscriptMining
I don’t know if I should be thrilled or terrified.,3,22,Alexander Kirk,,https://thehabitstacker.com/raymond-reddington-quotes/,HabitStacker
"If you have the spare time, I would think you'd be spending it trying to learn about your parents.",3,23,,Mined from transcript,Transcript S03E23,TranscriptMining
"Ah. So you are a gambling man. Let's place that bet, shall we? [Shoots him in the chest]",3,,,Wikiquote dialogue,https://en.wikiquote.org/wiki/The_Blacklist,Wikiquote
"Are you a gambling man, Crispin?",3,,,Wikiquote dialogue,https://en.wikiquote.org/wiki/The_Blacklist,Wikiquote
"But first, please indulge my curiosity. An ice castle in the air, the best and the brightest frozen solid. I'm intrigued.",3,,,Wikiquote dialogue,https://en.wikiquote.org/wiki/The_Blacklist,Wikiquote
"Congratulations, Crispin. You've doubled down on extinction.",3,,,Wikiquote dialogue,https://en.wikiquote.org/wiki/The_Blacklist,Wikiquote
"Everyone dies, Mr. Crandall.",3,,,Wikiquote dialogue,https://en.wikiquote.org/wiki/The_Blacklist,Wikiquote
"Indeed, perhaps even the very one who might have devised a means to revive your sad, tired, frozen ass.",3,,,Wikiquote dialogue,https://en.wikiquote.org/wiki/The_Blacklist,Wikiquote
It won't work.,3,,,Wikiquote dialogue,https://en.wikiquote.org/wiki/The_Blacklist,Wikiquote
"Oh, yes. Well, I would agree with you there. But perhaps you're familiar with the old saw ""You can't beat the house""? No matter how many poor souls you turn into popsicles, the fix is in.",3,,,Wikiquote dialogue,https://en.wikiquote.org/wiki/The_Blacklist,Wikiquote
That's how you made your fortune.,3,,,Wikiquote dialogue,https://en.wikiquote.org/wiki/The_Blacklist,Wikiquote
"The world in which you awaken will be one incapable of sustaining human life. And why? Because at the critical tipping point, one tragically quixotic megalomaniac cannibalized humanity of the very minds that might have been its salvation.",3,,,Wikiquote dialogue,https://en.wikiquote.org/wiki/The_Blacklist,Wikiquote
"As you well know, one of the keys to my success is a clear and consistent understanding of my own limitations.",4,1,Esteban,,https://everydaypower.com/raymond-reddington-quotes/,EverydayPower
Wisdom is learning the boundaries of one's designated lane.,4,1,Esteban,Bulk Ingest,Manual Input,ManualIngest
"I know where Elizabeth is, Harold, where Kirk is taking Agnes.",4,2,,Mined from transcript,Transcript S04E02,TranscriptMining
"This'll be quick, as I have no time and less patience.",4,2,,Mined from transcript,Transcript S04E02,TranscriptMining
We have two targets-- Elizabeth Keen and Agnes Keen-- traveling separate paths to an unknown location.,4,2,,Mined from transcript,Transcript S04E02,TranscriptMining
"What did you do, Harold? I asked New Scotland Yard to keep eyes on McGrath.",4,3,,Mined from transcript,Transcript S04E03,TranscriptMining
"During World War II, the Oeuvre de Secours aux Enfants smuggled Jewish children out of France to Switzerland.",4,5,,Mined from transcript,Transcript S04E05,TranscriptMining
"Maintenance tunnels here, here, and here give us access to the rendezvous point.",4,6,,Mined from transcript,Transcript S04E06,TranscriptMining
"When I turned myself in, I never imagined things could've turned out this badly.",4,6,,Mined from transcript,Transcript S04E06,TranscriptMining
"so Rory says, ""In Boston, a shot of whiskey and a pint of stout is an Irish Car Bomb.",4,7,,Mined from transcript,Transcript S04E07,TranscriptMining
"You've told me you've always wanted a pristine, unspoiled place to live out your days in peace.",4,8,,Mined from transcript,Transcript S04E08,TranscriptMining
"I had bullets. He had words. But when he was done talking for the first time, I truly understood which of those was more powerful.",4,10,The Forecaster,,https://everydaypower.com/raymond-reddington-quotes/,EverydayPower
There's a man I know who works as a docent in a small museum - in the Northwest.,4,14,,Mined from transcript,Transcript S04E14,TranscriptMining
"The Apothecary can create embolisms, - aneurysms - [ Bites .]",4,15,,Mined from transcript,Transcript S04E15,TranscriptMining
"Tell me, how's Tom? Liz: He's having a hard time, actually.",4,18,,Mined from transcript,Transcript S04E18,TranscriptMining
"Donald, I want you to know that I do understand how you feel.",4,21,,Mined from transcript,Transcript S04E21,TranscriptMining
Let's give Prescott a call so you can hear for yourself.,4,22,,Mined from transcript,Transcript S04E22,TranscriptMining
"Once Kaplan testifies, an indictment is inevitable.",4,22,,Mined from transcript,Transcript S04E22,TranscriptMining
Who was relying on the grand jury to separate us.,4,22,,Mined from transcript,Transcript S04E22,TranscriptMining
"Losing someone we love is painful, agonising even on the death. The Japanese call it takotsubo, a grieving surge of abnormal electrical waves that causes the hearth to deflate and contort until it resembles a fishing port,hollow and cold, an empty vesell at the bottom of an unfathomable sea.",4,,,Wikiquote dialogue,https://en.wikiquote.org/wiki/The_Blacklist,Wikiquote
You weren't willing to shoot an unarmed man in the back.,5,1,,Mined from transcript,Transcript S05E01,TranscriptMining
Please tell Paolo he's hosting a party tomorrow afternoon.,5,2,,Mined from transcript,Transcript S05E02,TranscriptMining
What am I thinking? This is neither the time nor the place to talk business.,5,2,,Mined from transcript,Transcript S05E02,TranscriptMining
A million reasons for you to have faith in my financial fortitude.,5,3,,Mined from transcript,Transcript S05E03,TranscriptMining
"I think this is the first time you've made it a priority to see me, and I appreciate that.",5,3,,Mined from transcript,Transcript S05E03,TranscriptMining
"Smokey, you were born a century too late.",5,3,,Mined from transcript,Transcript S05E03,TranscriptMining
"In horse breeding, genes are everything, and Fitzpleasure had the best ones.",5,4,,Mined from transcript,Transcript S05E04,TranscriptMining
Do you have a count? The mailman gave us two lists.,5,5,,Mined from transcript,Transcript S05E05,TranscriptMining
"Elizabeth, whomever has filled the vacuum left by my downfall has to be stopped, or more innocent people will die.",5,7,,Mined from transcript,Transcript S05E07,TranscriptMining
The world can be such an unsparingly savage place one can be forgiven for believing that evil will triumph in the end.,5,7,The Kilgannon Corporation,,https://everydaypower.com/raymond-reddington-quotes/,EverydayPower
You've always seen my relationship with Elizabeth as a zero-sum game.,5,8,,Mined from transcript,Transcript S05E08,TranscriptMining
And who might you be? I'm not helping you.,5,10,,Mined from transcript,Transcript S05E10,TranscriptMining
"Samar, any news? We caught the Blacklister.",5,12,,Mined from transcript,Transcript S05E12,TranscriptMining
What makes her happy? Does she like a good foot massage? We should have stayed.,5,12,,Mined from transcript,Transcript S05E12,TranscriptMining
"With the evidence you obtained from his place of business, you can file charges against 27 clients who never went to trial.",5,14,,Mined from transcript,Transcript S05E14,TranscriptMining
"As Old Man Quimby, my fencing instructor used to say ""If ifs and buts were candy and nuts, oh, what a Christmas we'd have.",5,15,,Mined from transcript,Transcript S05E15,TranscriptMining
It appears we're going to need that chinchilla after all.,5,15,,Mined from transcript,Transcript S05E15,TranscriptMining
"Either Mosadek lost your tail and has no intention of being found, or he was taken by the very same people who abducted his son.",5,18,,Mined from transcript,Transcript S05E18,TranscriptMining
"After more than two decades on your Most Wanted List, I've become something of an FBI buff.",5,19,,Mined from transcript,Transcript S05E19,TranscriptMining
I promise Ian Garvey will not get away from me.,5,19,,Mined from transcript,Transcript S05E19,TranscriptMining
"Then came a plaster mold of your face, a willing double, a little makeup, a little make-believe, and, voilÃ , two Garveys with one stone.",5,19,,Mined from transcript,Transcript S05E19,TranscriptMining
"While you were plotting with your minions from the Nash Syndicate, I was hatching a plan with my men to meet with you.",5,19,,Mined from transcript,Transcript S05E19,TranscriptMining
"Harold, understand, Bernice is a seasoned professional.",5,21,,Mined from transcript,Transcript S05E21,TranscriptMining
There's a fine line between fishing and standing on the shore looking like an idiot.,5,22,Sutton Ross,,https://multiple-sources,WebResearch
"Through five marriages, numerous lovers, allegedly both male and female, and over 70 films, including ""North by Northwest,"" arguably the greatest work ever produced here, he just kept right on tripping, and why not? Before LSD was weighed down by the counter-cultural baggage of Timothy Leary turning on, tuning in, and dropping out LSD was used to treat addiction, anxiety, and depression.",6,2,,Mined from transcript,Transcript S06E02,TranscriptMining
"That acrid scent lingering in the air is bull feces, the stench of a man who's in prison for a crime he didn't commit but takes credit for because he's afraid of Anunzio Ross.",6,4,,Mined from transcript,Transcript S06E04,TranscriptMining
"I'm sorry if you find the process of selecting a fair jury to be inconvenient, Mr.",6,7,,Mined from transcript,Transcript S06E07,TranscriptMining
"Your Honor, I'd ask that this juror - be dismissed for cause.",6,7,,Mined from transcript,Transcript S06E07,TranscriptMining
"After you got the good doctor in custody, Dembe discovered that he'd sent an ampule of his toxic bug juice to Moreau in London.",6,12,,Mined from transcript,Transcript S06E12,TranscriptMining
"If there is a dossier, he's precisely the kind of intelligence officer who would compile it.",6,12,,Mined from transcript,Transcript S06E12,TranscriptMining
"It was, wasn't it? I was quite pleased with how it all came together.",6,13,,Mined from transcript,Transcript S06E13,TranscriptMining
"Robert, I appreciate that your love of literature is almost as keen as mine, but why on Earth are we in the Library of Congress? Uh, you want to know how I decoded the myth and located my white whale? The answer is in the poem.",6,13,,Mined from transcript,Transcript S06E13,TranscriptMining
Walt Whitman lived in a boarding house at this address during the Civil War.,6,13,,Mined from transcript,Transcript S06E13,TranscriptMining
Recognize that? Your driver is relaxing in the footwell of my Mercedes with a gun barrel in his mouth.,6,14,,Mined from transcript,Transcript S06E14,TranscriptMining
"After pondering that for a moment, replies, ""It's too early to tell.",6,19,,Mined from transcript,Transcript S06E19,TranscriptMining
"Remember when classified documents were classified documents, Harold? Typewritten on onion skin, mimeographed, and stamped ""Top Secret"" just like in the spy movies? That was fun.",6,21,,Mined from transcript,Transcript S06E21,TranscriptMining
See if the Third Estate pulled a permit to protest outside.,6,21,,Mined from transcript,Transcript S06E21,TranscriptMining
They're being followed? COOPER: If you'd have let me know you had a location.,6,21,,Mined from transcript,Transcript S06E21,TranscriptMining
"The consulate is on alert, which means everyone's is.",6,22,,Mined from transcript,Transcript S06E22,TranscriptMining
"As pleasant as that sounds, I'm afraid I've made other arrangements.",6,,,Wikiquote dialogue,https://en.wikiquote.org/wiki/The_Blacklist,Wikiquote
Winning always is.,6,,,Wikiquote dialogue,https://en.wikiquote.org/wiki/The_Blacklist,Wikiquote
"To creep softly like a coward toward the treasures of your body, to whip your joyous flesh and bruise your pardoned breast, to make in your astonished flank a wide and gaping wound.",7,3,,Mined from transcript,Transcript S07E03,TranscriptMining
You said The Peppermill didn't deliver the champagne? They said there were no reservations under Farwell or Campbell.,7,3,,Mined from transcript,Transcript S07E03,TranscriptMining
The last thing I heard was men yelling in Farsi.,7,4,,Mined from transcript,Transcript S07E04,TranscriptMining
"I don't see No, I-I understand there's traffic, Fudo.",7,6,,Mined from transcript,Transcript S07E06,TranscriptMining
I think dining in the dark probably does enhance the senses.,7,9,,Mined from transcript,Transcript S07E09,TranscriptMining
I understand that Sofia Burke made a run at the Dresden Green.,7,9,,Mined from transcript,Transcript S07E09,TranscriptMining
I wonder if a healthy finder's fee would make it your concern.,7,9,,Mined from transcript,Transcript S07E09,TranscriptMining
"We have very little time, but thanks to her hawaladar, we have a lead.",7,9,,Mined from transcript,Transcript S07E09,TranscriptMining
"I have many thoughts that do often lie too deep for tears. At the moment, the main one being to put a bullet in your forehead.",8,10,Dr. Laken Perillos,Bulk Ingest,Manual Input,ManualIngest
"I prefer to have my pain ignored than have no pain at all. Without pain there can be no real pleasure. Without the lows, you have no way to measure the highs.",8,10,Dr. Laken Perillos,Bulk Ingest,Manual Input,ManualIngest
Without pain there can be no real pleasure. Without the lows you have no way to measure the highs.,8,10,Dr. Laken Perillos,,https://multiple-sources,WebResearch
"We all have the devil in us, Harold. But the best of us have angels too.",9,4,The Avenging Angel (No. 49),,https://multiple-sources,WebResearch
I find LSD to be helpful in dark times and a blast in good times. Nothing loosens a tight sphincter like a good eight-hour acid trip.,9,18,Laszlo Jankowics (No. 180),Bulk Ingest,Manual Input,ManualIngest
"If my circle of friends gets any smaller, it won't be a circle.",10,4,The Hyena (No. 200),,https://multiple-sources,WebResearch
There's No Such Thing As Luck. Just Well-Placed Opportunities.,10,5,The Dockery Affair,Bulk Ingest,Manual Input,ManualIngest
"Time is the ultimate luxury, I think. To be savored, not hoarded nor compressed nor controlled.",10,5,The Dockery Affair,,https://multiple-sources,WebResearch
You get older and you realize we make life so complicated when it doesn't need to be. We complicate ourselves to death.,10,13,The Sicilian Error of Color,,https://multiple-sources,WebResearch
Not every answer is worth knowing.,10,14,The Nowhere Bride,,https://multiple-sources,WebResearch
"The best time to plant a tree is 20 years ago. The second best time is now. Luckily for you, I have three seedlings.",10,15,The Hat Trick,,https://multiple-sources,WebResearch
A Wise man can learn more from a foolish question than a fool can learn from a wise answer,2,9,Luther Braxton,,Manual Input,ManualIngest
A friend is a person who will help you move. A real friend is a person who will help you move a body.,,,,,https://multiple-sources,WebResearch
"Agent Park, I look forward to the day when you are as wise as you are aggressive. Until then I suggest you protect yourself from further embarrassment by saying nothing.",8,17,Ivan Stepanov,,Manual Input,ManualIngest
"As my father used to say to me, just because you’ve been bumped up to first chair in the orchestra, doesn’t mean you can compose a symphony.",3,1,The Troll Farmer,,Manual Input,ManualIngest
"Be careful, Lizzie. Because the truth of it is once you start down this road, there’s no logical place to stop. You could see to her education, health insurance, housing. You can watch her. Or have her watched. Keep her safe. Try to ascertain her... hopes, dreams, desires. Pull strings, call in favors to discreetly smooth the path. And, for the first few years, it may work. You’ll draw some measure of virtue from being her invisible benefactor. But, that won’t last. It’s all a fraud. That it’s really not about her at all. That it’s all about you. And you’re just... going through the motions to salve your own guilt. But, all the money, all the time and effort, all the favors in the world cannot possibly equal what you took away from her. Everything else is... just a nice gesture.",2,16,Tom Keen,,Manual Input,ManualIngest
Betrayal is just loyalty reprioritized.,,,,,https://multiple-sources,WebResearch
Beware the Fury of a patient man,,,,,Manual Input,ManualIngest
"Every day it will be the first thing you think about when you wake up, until one day, it’ll be the second thing",1,16,Mako Tanida,,Manual Input,ManualIngest
Everybody likes apples.,3,10,The Director: Conclusion,,Manual Input,ManualIngest
Everyone on my jet is there because they chose to be. That cannot be said of most endeavors in life.,,,,,https://multiple-sources,WebResearch
Flying is life. Falling is death.,6,16,Lady Luck,,Manual Input,ManualIngest
"Forgiveness doesn’t mean accepting what you’ve done, Donald. It means understanding that the line dividing good and evil cuts through the hearts of all of us.",5,10,The Informant,,Manual Input,ManualIngest
Forgiveness is a luxury not everyone can afford.,,,,,https://multiple-sources,WebResearch
Have I Threatened You Before?,,,,Bulk Ingest,Manual Input,ManualIngest
Hope is the worst of all evils because it prolongs the torment of man.,,,,,https://multiple-sources,WebResearch
"I could tell you how to win a marathon, but you’re assuming it’s a 26.6-mile race.",,,,,https://everydaypower.com/raymond-reddington-quotes/,EverydayPower
"I finally had a chance to see her, Sam. There’s a fire inside she got from you. She’s volatile, unpredictable, soft, and hard, and... soft again. Stronger than she knows. You gave her an incredible gift, Sam. Taking her in and loving her as your own.",1,8,General Ludd,,Manual Input,ManualIngest
"I have found in my experience people rarely change and when they do, they’re not to be trusted.",4,20,The Debt Collector,,Manual Input,ManualIngest
"I met Dr. Sanders here through a mutual friend to discuss a very delicate and underfunded research project. As I recall, the science was awesome, but financially precarious. We did, however, spend a glorious weekend in God’s Country with two snow bunnies who were dead ringers for the Swiss Miss Girl.",1,21,Berlin,,Manual Input,ManualIngest
"I was once on the island of Ko Ri, free diving in the Andaman Sea. I fell terribly ill, stung by a lionfish. I was dehydrated and in excruciating pain. I had lost all sense of time and place, completely disoriented. But I knew I was dying. So I readied myself for it. And in that moment at death’ door, I looked up... And standing over me in the brightness was this landless Moken Sea Gypsy. Just standing there. Smiling. She and her tribe nursed me back to health. Good as new. When I left the island, she kissed me, it was like a burst of sunlight on my cheek. It was... It made nearly dying welling worth it. That’s how I feel now.",1,21,Berlin,,Manual Input,ManualIngest
I've always found that true power comes from the ability to remain calm when the world around you is in chaos.,,,,,https://multiple-sources,WebResearch
"I've made it my mission in life to identify, cultivate, and exploit the weakness in my enemies.",,,,,https://multiple-sources,WebResearch
"If horses were wishes, beggars would ride.",,,,,Manual Input,ManualIngest
"In the kingdom of the blind, the one-eyed man is king.",2,22,Tom Connolly,,Manual Input,ManualIngest
"In the short term, justice always loses to politics.",,,,,Manual Input,ManualIngest
"In this world, loyalty is rare. That's why it's so valuable.",,,,,https://multiple-sources,WebResearch
"In this world, power is everything. The rest is just an illusion.",,,,,https://multiple-sources,WebResearch
"In this world, there are no heroes or villains. Only survivors.",,,,,https://multiple-sources,WebResearch
Ineptitude bothers me. A lack of originality. Margarine. This and most everything else... Deck chairs on the Titanic.,9,11,The Conglomerate (142),,Manual Input,ManualIngest
"It's just a part of life--watching the generation ahead of you, the people you care about, grow old... at some point, you start to... do the mental work necessary to prepare yourself for the inevitable. And yet, I'm afraid I stand here, Marvin, woefully unprepared.",8,3,16 Ounces,,Manual Input,ManualIngest
"I’m a contrarian by necessity, not by choice. If people were wrong less often, my life would be much easier.",7,13,Newton Purcell,,Manual Input,ManualIngest
Knowledge without action is meaningless.,,,,,https://multiple-sources,WebResearch
"Last night, I got up for a scoop of orange sherbet and she caught my eye. I just stood here in the dark squinting at her. Poor thing ruined my appetite. Even after I went back to bed, all I could hear was the hideous music she must be playing. Didn’t sleep a wink.",1,14,Madeline Pratt,,Manual Input,ManualIngest
"Lies By Omission Are Still Lies, Harold. Some Would Argue They're The Worst Kind.",,,,Bulk Ingest,Manual Input,ManualIngest
"Life is a game, my dear. Play it to win, or don't play at all.",,,,,https://multiple-sources,WebResearch
Life is all about perception. It's what you make of it that counts.,,,,,https://multiple-sources,WebResearch
Loyalty is in the eye of the beholder.,,,,,https://multiple-sources,WebResearch
"Money can't buy happiness, but it can buy a damn good alibi.",,,,,https://multiple-sources,WebResearch
"My God! It tastes so good! I hesitate to swallow and I certainly don’t wanna spit it out. Oh, what the hell?",2,10,Luther Braxton: Conclusion,,Manual Input,ManualIngest
Never trust a man who smiles too much. It's either a sign of charm or a sign of madness.,,,,,https://multiple-sources,WebResearch
Nothing is so common as the wish to be remarkable.,,,,,https://multiple-sources,WebResearch
"People Say Money Can't Buy Happiness, But It Can Buy You A Yacht Big Enough To Sail Right Up To It.",,,,Bulk Ingest,Manual Input,ManualIngest
Power isn't something you're given. It's something you take.,,,,,https://multiple-sources,WebResearch
"Reciprocity’s a bitch, right, dahling? Screw the bear, the bear screws back. Batteries not included.",3,2,Marvin Gerard,,Manual Input,ManualIngest
"Regret requires age or the passage of time. And believe me, time has a way of making all things clear.",,,,,https://multiple-sources,WebResearch
"So, we’re all good at reading people. What fun!",3,4,The Djinn,,Manual Input,ManualIngest
Sometimes bad luck is the best luck you’ll ever have.,3,3,Eli Matchett,,Manual Input,ManualIngest
Sometimes the only way out is through.,,,,,https://multiple-sources,WebResearch
Sometimes the only way to find yourself is to lose everything.,,,,,https://multiple-sources,WebResearch
That's what love is... being helpless.,2,8,The Decembrist,,Manual Input,ManualIngest
The Past Is A Ghost That Never Truly Leaves Us.,,,,Bulk Ingest,Manual Input,ManualIngest
The cleaner suddenly fancies herself the strategist.,4,1,Esteban,,Manual Input,ManualIngest
The greatest trick the devil ever pulled was convincing the world he didn't exist.,,,,,https://multiple-sources,WebResearch
The greatest weapon is not a gun or a bomb. It's the truth.,,,,,https://multiple-sources,WebResearch
"The human condition is a series of choices. Some right, some wrong, but all ours to make.",,,,,https://multiple-sources,WebResearch
The line between good and evil is often blurred. It's the choices we make that define us.,,,,,https://multiple-sources,WebResearch
"The measure of a man is not in how he gets knocked to the mat, it's in how he gets up.",,,,,https://multiple-sources,WebResearch
The only way to truly know someone is to see how they handle power.,,,,,https://multiple-sources,WebResearch
The past is a prison. It's up to us to break free.,,,,,https://multiple-sources,WebResearch
The road to hell is paved with good intentions.,,,,,https://multiple-sources,WebResearch
"The thing about the truth is, not a lot of people can handle it.",,,,,https://multiple-sources,WebResearch
"The truth will set you free, but first, it will piss you off.",,,,,https://multiple-sources,WebResearch
The world is full of wolves and sheep. Be the wolf.,,,,,https://multiple-sources,WebResearch
Then you’ll just have to find another criminal to talk to Elizabeth Keen and make fun of Agent Ressler.,1,8,General Ludd,,Manual Input,ManualIngest
"There are no shortcuts in life, only detours.",,,,,https://multiple-sources,WebResearch
There's Nothing That Can't Be Accomplished With A Little Ingenuity And A Lot Of Explosives.,,,,Bulk Ingest,Manual Input,ManualIngest
Trust no one. Not even yourself.,,,,,https://multiple-sources,WebResearch
"Truth is such a rare thing, it is delightful to tell it.",,,,,https://multiple-sources,WebResearch
"We're all puppets, Harold. Some of us just have more strings than others.",,,,,https://multiple-sources,WebResearch
What good are ethics if you aren’t alive to live by them?,2,21,Karakurt,,Manual Input,ManualIngest
"When I was young, I wanted to dance. I saw Gary Cooper dance on the screen, it was wonderful. Years later when I saw Gary, he looked old and grey. It turned out he had a cracked heart valve, very difficult to fix. He was on a waiting list to the end of his days. Just like Elias.",,,,,Manual Input,ManualIngest
"Yes. It’ll undoubtedly take some time. But I’m sure she’ll be fine. He’ll always be there with her. Standing in the shadows to keep her safe. Laughing with her in the light. Watching through her eyes, all those who get close. He’ll always be there. She will be fine.",1,8,General Ludd,,Manual Input,ManualIngest
"You and I both know thinking on your feet is not your strong suit Luther. You will make a mistake and when you do, I will be there to indulge in the undeniable pleasure and sweet satisfaction of 'I told you so.",2,9,Luther Braxton,,Manual Input,ManualIngest
You look familiar... Have I threatened you before?,,,,,https://everydaypower.com/raymond-reddington-quotes/,EverydayPower
"You made a deal with the devil. Just because the devil gives you a way out, doesn’t mean he’s any less of a devil",,,,,Manual Input,ManualIngest
You made a devil’s bargain. Did you really expect me to stop being the devil?,10,20,Arthur Hudson,,Manual Input,ManualIngest
You seem younger in person than you appear to be when lurking in the background on television. Are you a swimmer?,2,10,Luther Braxton: Conclusion,,Manual Input,ManualIngest
"You two out here, playing grab ass in the woods just smacks of something biblical.",2,5,The Front,,Manual Input,ManualIngest
You’re already in their hands. The only thing they haven’t done is close their fist.,2,22,Tom Connolly,,Manual Input,ManualIngest
